name,set,rarity,id,ability,flavor,unique,loyal,legendary,past,shard,exclusive,image,thumb,splash,artist,tag
Aqua Shield,DOP,Super Rare,136,"Equipped Creature has an additional 5 Energy.
Sacrifice Aqua Shield: Heal 15 damage to target Creature.",,,,,,,Starter,0B6oyUfwoM3u1cnQ4OFMwcGtCRDA,1ZMMxxeFuHComeOUnE8VpYyD1rtAD-npC,1BDx-lAN3TfJfnbHnwztNIZvaDxNMO4Eb,"Andrew Bradshaw, David Curiel",
Cyclance,DOP,Rare,137,Sacrifice Cyclance: Equipped Creature gains Air until the end of combat.,,,,,,,Starter,0B6oyUfwoM3u1NG9nSGRnTFhCbm8,1WLkzUns2WUFI_uPerBIsum1qgrtpkZOF,1OJz0lE4FIMp_mCrydCLlwcyQ3ls7MJvE,"Andrew Bradshaw, Etienne St.Laurent",
Diamond of Vlaric,DOP,Rare,138,Sacrifice Diamond of Vlaric: Equipped Creature gains Earth until the end of combat.,,,,,,,,0B6oyUfwoM3u1Y3YyUVZhMDU4NDg,1ga3G_DhjT6PxqCfLYHIzrORYo2Mxzt6P,1qbm14oC0829Wh_Fu4jxWlOBLnJmSTl6i,"Edwin Nebres, Emilio Lopez",
Dragon Pulse,DOP,Common,139,Equipped Creature has an additional 25 Courage.,,,,,,,Starter,0B6oyUfwoM3u1MHIwWEIzWmlPOVE,1ygqSPR20D1f0lUFt3_oMShuZmviaUYsC,1VI2S6ZeGnvrfb0MkTcF7InrU8TGLwrR2,"Andrew Bradshaw, David Curiel",
Elixir Of Tenacity,DOP,Common,140,"Equipped Creature has an additional 10 Courage and an additional 10 Speed.
If equipped Creature has at least 50 Power, it has an additional 10 Energy.",,,,,,,Starter,0B6oyUfwoM3u1U3NybjFLem9feDA,1CeqT8Na8ZBDD-EwC1lRInAmOeTASejoK,1j5IR-17Yd6kgFhTB6pH6a3HSzm2mA1m3,"Aris Illopoulos, Edwin Nebres, David Curiel",
Flux Bauble,DOP,Rare,141,"At the beginning of combat, look at the top two cards of your Location Deck. Put one of them on top of that deck and the other on the bottom.",,,,,,,,0B6oyUfwoM3u1MF92bTQ2cWVjVkk,1lm69HayMAOb8_8zwUeMZ9diTVzT0gfKH,1l7Qnj0kK_TD6nkLjdyiCFVZM6ZPvwoHY,"Andrew Bradshaw, Emilio Lopez",
Gauntlets of Might,DOP,Common,142,Equipped Creature has an additional 25 Power.,,,,,,,Starter,0B6oyUfwoM3u1X1lJRFFEQnFiczg,1IvItgeyoHhWXd1mDNb-e66BAomglz9xO,1rUqE4uLB1lLd8xcRESkN85tQSZXHS_oh,"Aris Illopoulos, Edwin Nebres, Etienne St.Laurent",
Liquilizer,DOP,Rare,143,Sacrifice Liquilizer: Equipped Creature gains Water until the end of combat.,,,,,,,Starter,0B6oyUfwoM3u1THNnWm80UGJOU0k,1v_0-jrueREDWubJkQfMp8dGOsW9tXUyw,1TGXSu9o_T-Ga3f0No2pLGs3m9VwbEBHd,"Andrew Bradshaw, Etienne St.Laurent",
Mipedian Cactus,DOP,Super Rare,144,"Equipped Creature has an additional 15 Wisdom.
If equipped Creature is Mipedian, it has ""{{MC}}: This Creature can move to any space on the board as if it were adjacent.""",,,,,,,,0B6oyUfwoM3u1V2VIczE0ckVfSmc,1Efrlq7EpDvO71qcaDTpkL8DHpSoFddCp,1lBBqLspz1Cab-5yOifwMIgpC6hDLuDDV,"Keith Conroy, Anthony Washington",
Mowercycle,DOP,Common,145,Equipped Creature has an additional 25 Speed.,,,,,,,,0B6oyUfwoM3u1WjNaOEpneVloTHM,1s7udFNTA9XnBQOnWcV78eZ1bybcu87Y5,1RG3lL9jHi5vvuEuHK1q25tpVxGT3gG3i,"Anthony Washington, Edwin Nebres, Francis Barrios",
Mugician's Lyre,DOP,Common,146,Sacrifice Mugician's Lyre: Equipped Creature gains a Mugic counter.,,,,,,,Starter,0B6oyUfwoM3u1Z2tVN3VMS2tESzQ,1pKxGKj_RDTRp4BaQ12btUEdjtLUGneXT,1AhC_Y59VuRj6ikZ4NN8Baco35v4hkb0b,"Andrew Bradshaw, Etienne St.Laurent, Edwin Nebres",
Nexus Fuse,DOP,Super Rare,147,"Equipped Creature has an additional 5 Energy.
Sacrifice Nexus Fuse: Deal 15 damage to target Creature.",,,,,,,Starter,0B6oyUfwoM3u1MkRnU2NhTVBEbVE,1p6k9cs6JcborRzQ0IOzD3ODBOptwfepS,1-ONvAIBiEbxXJMS5hw0OnzVpjhQw01Qa,"Edwin Nebres, Etienne St.Laurent, Andrew Bradshaw",
Orb of Foresight,DOP,Rare,148,"At the beginning of combat, look at the top three cards of your Attack Deck. Put one of them on top of that deck and the other two on the bottom in any order.",,,,,,,Starter,0B6oyUfwoM3u1NUNQcnNrdmRNV3c,1f4vtn0_hGKpE2zs9l2n3Utr_H4GPul3n,1lVwOTZVZgdYSzhBTI2uFfaw0hm7FiVGw,"Edwin Nebres, Etienne St.Laurent",
Phobia Mask,DOP,Uncommon,149,"Equipped Creature has ""Intimidate: Courage 10"" and ""Intimidate: Power 10"".",,,,,,,,0B6oyUfwoM3u1eEdidG5JY1RLcmc,1sx4w7gD5p5OXbudTMQteR80yfGJiUcuU,188Hmd_7JMD_3wgoLTMyuUgqaun8EOlBQ,"Andrew Bradshaw, David Curiel, Edwin Nebres",
Prism of Vacuity,DOP,Uncommon,150,"Equipped Creature has an additional 5 Energy.
Sacrifice Prism of Vacuity: Target Creature loses 20 Power.",,,,,,,Starter,0B6oyUfwoM3u1RXM3UVdjSW9GWUE,1dJUTkKzgeeVr2fH5zPtugyDgUUdzn-sH,15kvWgJf2JhgjSXQJZe3ClIeyHBdQvY0N,"Adrian Barrios, Etienne St.Laurent",
Pyroblaster,DOP,Rare,151,Sacrifice Pyroblaster: Equipped Creature gains Fire until the end of combat.,,,,,,,,0B6oyUfwoM3u1TUFvbml6RGdOYlE,1KQxWYBlgX4cceQbZVCRv2HrUyrS6xPH-,1dCmXXb1RZLKpQck6GIQVX5jcAxWRNg1F,"Andrew Bradshaw, Etienne St.Laurent",
Ring of Na'arin,DOP,Common,152,"Equipped Creature has an additional 10 Power and an additional 10 Wisdom.
If equipped Creature has at least 50 Courage, it has an additional 10 Energy.",,,,,,,Starter,0B6oyUfwoM3u1STZ6RzlDNHBCamc,1vqH5SDzav5v8ml3oBKLLWs-z90DVKGdq,1VIfv10h6nC4aoe6Y6Sqj5sZzMme9DMgq,"Andrew Bradshaw, Etienne St.Laurent",na arin naarin
Riverland Star,DOP,Super Rare,153,"Equipped Creature has an additional 15 Courage.
If equipped Creature is OverWorld, it has ""When equipped Creature deals Water damage, heal 5 damage to that Creature.""",,,,,,,,0B6oyUfwoM3u1XzB1RHJHVkoxWU0,1ifggbQ25Y1b4qVwSBMgSsCDB-Zqf4VBo,1ZouYUH3OnXUPcfgH-wMctQUStBmJBrj_,"Andrew Bradshaw, David Curiel, Edwin Nebres",
Skeletal Steed,DOP,Uncommon,154,"Equipped Creature has ""Range"" and ""Swift 1"".
This Battlegear begins the game face up.",,,,,,,Starter,0B6oyUfwoM3u1a2JjNGtFQ3BHQjg,14E-1Ah0p_Q3gh5rF9137BtvvRXIBuNqR,1-JpfEqvY5ceEZHQvHrc7xl_6rKyZJoaK,Kozutoku matsumoto,
Spectral Viewer,DOP,Rare,155,"When equipped Creature becomes engaged, Creatures engaged with it lose and cannot gain Invisibility.",,,,,,,,0B6oyUfwoM3u1SV9rNnpRNGNkbU0,1qwA2QbZYYIf0VIO1tQKpeCCNXCZ5kZ7t,17NjLaTdmJ6hSv5NO_gTFsXlFrCzF6m3S,"Andrew Bradshaw, Etienne St.Laurent, Edwin Nebres",
Staff of Wisdom,DOP,Common,156,Equipped Creature has an additional 25 Wisdom.,,,,,,,,0B6oyUfwoM3u1V3J6MlM4VXNnMTg,1kTLfal302BOE12pDrlBoeSkdVV6_3Ic4,1dGK0Oc47P9N9XShtCYKc5wCNd_0Bt0RC,"Edwin Nebres, Emilio Lopez",
Stone Mail,DOP,Ultra Rare,157,"Equipped Creature cannot move.
Equipped Creature has an additional 50 Energy.
All damage dealt to equipped Creature is increased by 5.
Equipped Creature has no abilities and cannot gain abilities.",,,,,,,Starter,0B6oyUfwoM3u1X3RRTnlQVm4wRkk,17a0mm1aE2Fliu8j40oSot8OL_MYS8XEt,10i5plbA1pmRS-WIscUoeJKkwxwxhyIcH,"Andrew Bradshaw, Jimmy Tran",
Talisman of the Mandiblor,DOP,Super Rare,158,"Equipped Creature has an additional 15 Speed.
If equipped Creature is Danian, it has ""Sacrifice this Creature: Return a Mandiblor from your general discard pile to play in any open space.""",,,,,,,,0B6oyUfwoM3u1OEEyMTBvVXBEbDg,19pS_No5mR1OtaGgmMiLuE4-xHK40B3dv,1TNXrB0-oOJMXP3hR3yFO7KqlBEPze_ex,"Rudy Nebres, Anthony Washington",
Torrent Krinth,DOP,Uncommon,159,"Equipped Creature has ""Water 5""",,,,,,,Starter,0B6oyUfwoM3u1UHZYbXVZUTVhR1E,1hHdhoavdTt4wBtbc8ULKrUmAAso_JOxy,18LYNtKNaQCQhO-Fv8hY8QqZRCf5x-1ed,"Aris Illopoulos, Anthony Washington",
Torwegg,DOP,Uncommon,160,"Equipped Creature has ""Air 5""",,,,,,,,0B6oyUfwoM3u1ZmVqOUc2Rk5TcXM,13NAnJhA6NJND0xTGnmKfcBqfSGZptEUS,1ca9ColMUH90NMa99WPWHySr3wmdojK4u,"Edwin Nebres, Andrew Bradshaw, David Curiel",
Viledriver,DOP,Uncommon,161,"Equipped Creature has ""Fire 5""",,,,,,,Starter,0B6oyUfwoM3u1RW1ZbUh3ZElmMUE,1n9zCMSbRpsM6HeIoSsBMIV4PfKkMriKs,1pl8gnsPduhVOdwDB04btHSNJ3-jpi4rX,"Andrew Bradshaw, Etienne St.Laurent",
Vlaric Shard,DOP,Uncommon,162,"Equipped Creature has ""Earth 5""",,,,,,,Starter,0B6oyUfwoM3u1Umw1clNtT3l4Nmc,1khnPm9f0NW2_ddDOLSxPbrEB07k_g0V7,1XSV8dFEF1HtruyyNIB1r4j5iZoigoryt,"Adrian Barrios, David Curiel",
Whepcrack,DOP,Super Rare,163,"Equipped Creature has an additional 15 Power.
If equipped Creature is UnderWorld, it has ""Fire 5"".",,,,,,,,0B6oyUfwoM3u1STNKRjVLR2g3NW8,1dsXcNx1h7KjrZhi9vgFKICO-QmlTI7pV,1Kt9vyRzKOxL4FF9ydP8t_Y_7HaS394Eu,"Andrew Bradshaw, Etienne St.Laurent, Edwin Nebres",
Windstrider,DOP,Super Rare,164,"Equipped Creature has ""Swift 2"".
This Battlegear begins the game face-up.",,,,,,,,0B6oyUfwoM3u1Vnp4MWp2R3RQdDQ,1Bpti8s0qXc-ThIaiVcZA_Q3HuUrvXMNT,1WvTwjLlcKXcQkB48o7I1MTaw9noMNRHf,"Andrew Bradshaw, David Curiel, Edwin Nebres",
Danian Carapace,ZOTH,Super Rare,56,"When equipped Creature deals damage to an Uninfected Creature, Infect that Creature.
If equipped Creature is destroyed while engaged, destroy any Battlegear equipped to opposing engaged Creature and equip Danian Carapace to opposing engaged Creature.",,,,,,,,0B6oyUfwoM3u1ZVlnWW1Nc05PdDA,1-VF6aKQIkWSmGOxmIYYnF0aK9oVEXzrj,1B3VaXJvFgW-uzfW1BEqXxKkon7FSB_9K,"Adrian Barrios, Anthony Washington",
Elementalist Pauldrons,ZOTH,Rare,57,"Equipped Creature has an additional 5 Energy and 15 Power.
If equipped Creature is an Elementalist, it has all Elemental Types your Creatures have.",,,,,,,,0B6oyUfwoM3u1OEJmYWh0aUMwY0U,1Ug9JPtkOEveH0TssDNCK8jLs9k3pklSf,,Imaginary Friends Studios,
Ice Cloak,ZOTH,Rare,58,"When Ice Cloak is flipped face up, if equipped Creature is engaged with a Creature with Fire, equipped Creature gains 10 Energy.
Equipped Creature has ""Fireproof 10.""",,,,,,,,0B6oyUfwoM3u1VlVBSDdpTzVPeFE,1eMjrrH85hfdhNn6GMOn9mHMe-3kVlIS9,1V8UVi0eZ5WIsK5C_CnduP_HNc7UQcUSw,"Adrian Barrios, Etienne St.Laurent",
Mandiblor Crown,ZOTH,Common,59,"Equipped Creature has Creature Type Mandiblor in addition to its other types.
Equipped Creature has ""Hive: This creature has an additional 5 Energy.""",,,,,,,,0B6oyUfwoM3u1T2NrWG9HbHdGWUE,1wWDux_MMbvOG5a0iSwJnOe5z--iGizkb,19aQ80YeQJVH806AmXRjuS8uPPNzsvwmp,"Andrew Bradshaw, Etienne St.Laurent",
Scout's Monocular,ZOTH,Common,60,"Equipped Creature has an additional 5 Energy and 15 Wisdom.
If equipped Creature is a Scout, it has ""{{MC}}: Turn target face‐down Battlegear face‐up.""",,,,,,,,0B6oyUfwoM3u1SnVIc3Fwemg1QVk,10FyKZoXdGIemmDCQs6aTbORbwtK-QTOx,18ZfbeLOw92kjzw_oBxe0K_1EDbAcySw9,"Andrew Bradshaw, Etienne St.Laurent",
Stingblade Prototype,ZOTH,Super Rare,61,"When Hive is activated, the next time an Attack would deal damage this turn, it deals 10 damage instead.",,1,,,,,,0B6oyUfwoM3u1RTcyV3RkZk56SzQ,1hUDlICGe2A8HgwFt1OimHYTPZPqE95lc,18RtL-y3MotrILwbncrEJXkBdaFPLROWc,Imaginary Friends Studios,
Supercharged Alterant,ZOTH,Uncommon,62,"When Supercharged Alterant is flipped face up, choose a discipline. Equipped Creature gains 100 in the chosen discipline.",,,,,,,,0B6oyUfwoM3u1a25OWng4V0hlUUk,11KSAcBuI2PjQUiG-Wlm4BE6fjkH1gjAB,1l3622iA9scGfCixUaSrpAfJ3IE4Ju7K6,"Khary Randolph, Emilio Lopez",
Sword of Khy'at,ZOTH,Uncommon,63,"Equipped Creature has an additional 5 Energy and 15 Speed.
If equipped Creature is a Warrior, it has ""When this Creature deals 20 or more attack damage, deal 5 damage to target Creature.""",,,,,,,,0B6oyUfwoM3u1U2dxQmdBcVlYNlk,179wa3Wc_jtJQn_hHBF4El1o918fvoYXV,,"Patrick Gagne, Etienne St.Laurent",khy at khyat
Telebracers,ZOTH,Super Rare,64,"When Telebracers is flipped face-up, the top card of your Location Deck becomes the active Location.",,,,,,,,0B6oyUfwoM3u1NnNLUEc4eGlEQVU,1USmDqb19ZW6gthGDPSQFp5Q3cKiXhMtP,1CmI1K0K0sAQSY1imJzL7_YnI0El3Vx58,"Andrew Bradshaw, Etienne St.Laurent",
Ur-Shard,ZOTH,Ultra Rare,65,"Equipped Creature has ""Earth 5"" and ""Recklessness 5.""
If equipped Creature is destroyed while engaged, destroy any Battlegear equipped to opposing engaged Creature and equip Ur‐Shard to opposing engaged Creature.",,,,,,,,0B6oyUfwoM3u1OEJIbno4azYxMU0,1LadG0bocADSnq-7CaDwjGIu2srY-kVV5,18UAd60C23sW3E4bq88V0HNGZb80uW5Tp,"Khary Randolph, Etienne St.Laurent",ur shard urshard
Challor,SS,Super Rare,66,"Equipped Creature may not be the target of abilities.
This Battlegear begins the game face-up.",,,,,,,,0B6oyUfwoM3u1a2IxLTBtd2dhbDA,1xtqQEMhzy8kV4bExzo5GnV90E24qPNIC,,HotShotsVFX,
Entropy Modulator,SS,Common,68,Sacrifice Entropy Modulator: Target attack deals 15 damage.,,,,,,,,0B6oyUfwoM3u1Y1paOExQVXd2dXc,16QTCWJT7HrfUW0yGIwH9Mk8k9hdOpGJM,,HotShotsVFX,
Heptadd's Crown,SS,Rare,69,"Equipped Creature may play Mugic of any tribe.
When equipped Creature plays a Mugic or ability, Heptadd's Crown deals 10 damage to it.
This Battlegear begins the game face-up.",,1,,,,,,0B6oyUfwoM3u1YkZJZWg4NDUzNU0,1aEProWvZ_MxEzfRuD68NXxmRthF_M79W,,HotShotsVFX,
Hunter's Lure,SS,Uncommon,70,Sacrifice Hunter's Lure: Relocate both engaged Creatures to an open space on the Battleboard.,,,,,,,,0B6oyUfwoM3u1ZVpfV29uSVJ1QzA,1ePNaq8YVJf1xMs3OP3ERQw4WRAShlPdO,,HotShotsVFX,
Lightning Canister,SS,Common,71,"Equipped Creature has an additional 5 Energy. 
When Lightning Canister is placed in your discard pile from play, deal 5 damage to target engaged Creature.",,,,,,,,0B6oyUfwoM3u1UHg4N1pzUkVLck0,1TfrtV207wrZA4IuFsICzsrzqDuct1Inb,,HotShotsVFX,
Ravita Flower,SS,Common,72,"Equipped Creature has an additional 5 Energy. 
Sacrifice Ravita Flower: Target Conjuror gains 2 Mugic counters.",,,,,,,,0B6oyUfwoM3u1aVU0Q1VDaWFMQVk,14ggrFOU_Ovu2wF7gDwbENsoNeAtfIuFp,,HotShotsVFX,
Reality Field Generator,SS,Rare,73,"When equipped Creature enters a space with a Mirage Location, shuffle that Mirage Location into its owner's Location Deck.
Mirage Locations may not be placed in equipped Creature's space.",,,,,,,,0B6oyUfwoM3u1b0EzTGZVMzlQSVk,1IgYrQJ667XH_POlPDsxGJS9AyzSmw6Sn,,HotShotsVFX,
The Doomhammer,SS,Ultra Rare,67,"Equipped Creature deals an additional 5 Attack damage to UnderWorld and Danian Creatures.
If equipped Creature is Danian, it has ""Earth 5.""
If equipped Creature is UnderWorld, it has an additional 50 Power.",,1,,,,,,0B6oyUfwoM3u1dXNLM1NISGkxTG8,1qKGiTzIUBAXx40ttbTxXKlc9vmaHCko3,,HotShotsVFX,
Warbeast Power Leash,SS,Super Rare,74,"Equipped Creature has an additional 5 Energy.
If equipped Creature is a Warbeast, it has ""Recklessness 5,"" has an additional 5 Energy for each Conjuror you control and deals an additional 5 damage with attacks.",,,,,,,,0B6oyUfwoM3u1cFd1VjVFNEtIa3c,1I-oh1t-sTto4QE7ElR3ZBUoXUPWmpnTK,,HotShotsVFX,
Wind Whip,SS,Uncommon,75,"If equipped Creature is Mipedian, it has Air.
If equipped Creature is a Conjuror, Warbeasts you control have ""Recklessness 5.""",,,,,,,,0B6oyUfwoM3u1dF9VUDVoWHA1bTg,1vStCOUwb-DsxbRJZv1J3DGq4N1fDTw_Z,,HotShotsVFX,
Aerodrone,MI,Super Rare,126,"When equipped Creature deals Air damage, you may look at the top four cards of your Attack Deck and put them back on top in any order.",,,,,,,,0B6oyUfwoM3u1NTR4LTFyUjJkdWc,1PsX62IA7V30U9fMJaFI7r0eClKGHi1su,,HotShotsVFX,
Algal Wings of Attraction,MI,Ultra Rare,127,"If an adjacent opposing Creature can move into equipped Creature's space, it must do so.",,1,,,,,,0B6oyUfwoM3u1MHhoUXFqb1BXY0E,1rmVCz04h1V53K0h2I94_V-OW9eLuMEIO,,HotShotsVFX,
Alluring Bait,MI,Rare,128,"Equipped Creature has ""Discard a Mugic Card: Relocate target opposing unengaged Creature into an unoccupied space adjacent to equipped Creature.""",,,,,,,Starter,0B6oyUfwoM3u1NFl5NnNPcWpwd1U,1vhuVn7EqN08948QcNaqPOukwwovjYeIw,,HotShotsVFX,
Aspect Amplifier: Agility,MI,Common,129,"Equipped Creature has ""Outperform Speed 5.""",,,,,,,,0B6oyUfwoM3u1eHhNMTlFZUlXb1k,1D0BtuFuBsjPTUXRMd7HLxk5lNzeCTFE3,,HotShotsVFX,
Aspect Amplifier: Bravery,MI,Common,130,"Equipped Creature has ""Outperform Courage 5.""",,,,,,,,0B6oyUfwoM3u1UHl5RmNONDd3Ync,1UP8evfd-mwBOwwnYYN95d6iLyOhXyaW_,,Imaginary Friends Studios,
Aspect Amplifier: Might,MI,Common,131,"Equipped Creature has ""Outperform Power 5.""",,,,,,,,0B6oyUfwoM3u1ZHBWUWNXeEVEVFk,1UEthLbL9VR1p8zIVZBBkhcL45ZPoiOBv,,Imaginary Friends Studios,
Aspect Amplifier: Wit,MI,Common,132,"Equipped Creature has ""Outperform Wisdom 5.""",,,,,,,,0B6oyUfwoM3u1NnFtcVhUU2lrNlU,1JWuQTJDIw6suO4-ubNh4Zj6w6Es5ooxK,,Imaginary Friends Studios,
Brain Amplifier,MI,Super Rare,133,"Equipped Creature has an additional 15 Wisdom and 5 Energy.
When equipped Creature wins combat, it gains a Mugic counter.",,,,,,,,0B6oyUfwoM3u1SWF0UGRzU1ZLOEU,1Yl5rWQ7KgvXk18vcMiZlhhHhdSGIi83z,,HotShotsVFX,
Breath of the Desert,MI,Uncommon,134,"Equipped Creature has an additional 10 Speed.
Sacrifice Breath of the Desert: Equipped Creature gains ""Air 5."" Play this ability only while equipped Creature is engaged.",,,,,,,,0B6oyUfwoM3u1aEdKZEpKNjBYZDA,1fgMZansT0ujMrMRe4B_GGTOGTZe2NmD5,,HotShotsVFX,
Destructozooka,MI,Rare,135,"When Destructozooka is flipped face-up, choose an Elemental Type. Equipped Creature gains the chosen Elemental Type and ""Element 5"" of the chosen Elemental Type.",,,,,,,,0B6oyUfwoM3u1Y2kyOUdTT3Q2SWM,1DIa5OBAbsx0fSpyh5XfVR_HpqSyUPfww,,"David Curiel, Andrew Bradshaw",
Hive Amber,MI,Rare,136,"Sacrifice Hive Amber: Activate Hive.
While Hive Amber is in your discard pile, when a Mandiblor you control leaves play, you may return Hive Amber to play equipped to an unequipped Creature you control.",,,,,,,,0B6oyUfwoM3u1SGg2bWJZaFUyWjg,1taBKu8DSCg2JFXZ7DP0cf2hqZI7uOkK6,,HotShotsVFX,
Kha'rall Husk Armor,MI,Rare,137,"Equipped Creature has an additional 50 Energy.
When equipped Creature is dealt 15 or more attack damage, the next attack equipped Creature plays deals 0 damage.",,1,,,,,Starter,0B6oyUfwoM3u1YnVpU2Z2d1VEQVk,13Qd-8A-J6jMwoa9Y0M7bOr606R62S9Z9,,HotShotsVFX,kharall kha rall
Manual of Vidav,MI,Uncommon,138,"Equipped Creature has an additional 10 Wisdom. 
Sacrifice Manual of Vidav: Heal 15 damage to equipped Creature. Play this ability only while equipped Creature is engaged.",,,,,,,,0B6oyUfwoM3u1MDZ4ZlpDbnUyV1E,1pwD0lvxjStIwPfkDNvad512twIQpTJld,,HotShotsVFX,
Maxxor's Torch,MI,Super Rare,139,Sacrifice Maxxor's Torch: Target opponent chooses a M'arrillian or Minion Creature he or she controls. Maxxor's Torch deals 25 damage to the chosen Creature.,,1,,,,,,0B6oyUfwoM3u1SERfMGVNdmp1b0E,1S3G__a0ew8dkuT800HkmFGnIQY5A6dfk,,HotShotsVFX,
Mind Prism,MI,Uncommon,140,Equipped Creature has an additional 10 Energy.,,,,,,,,0B6oyUfwoM3u1UVRsbjlSMTVhVVk,1a2-R17fxU9PpgmzTCi_-VDjHxDIOU7Ru,,HotShotsVFX,
Mindclasp,MI,Rare,141,"When a Mugic or ability controlled by an opponent reduces any of equipped Creature's Disciplines, Mindclasp deals 5 damage to target engaged Creature.",,,,,,,,0B6oyUfwoM3u1UnY4X1haUENXb2M,1cctsbflLgAlcUXAVNXgeqgpngMa_Q50L,,HotShotsVFX,
Mirrors of Misplacement,MI,Super Rare,142,"When a Mugic Card goes to a discard pile, discard an Attack Card, then draw an Attack Card.",,,,,,,,0B6oyUfwoM3u1YUJiS0NtN2huZWM,1-asl7hEDeuvY60DXYyUKI-4XXpnCRVYP,,HotShotsVFX,
Parasite Tablet,MI,Uncommon,143,"Equipped Creature has an additional 10 Courage. 
Sacrifice Parasite Tablet: Equipped Creature gains Creature type Mandiblor. Play this ability only while equipped Creature is engaged.",,,,,,,,0B6oyUfwoM3u1SXBqQkhMZk9TSzg,1mhZejsTmthAKKag2bnYBGaTHPP5WUHGw,,HotShotsVFX,
Phobia Mask,MI,Uncommon,144,"Equipped Creature has ""Intimidate: Courage 10"" and ""Intimidate: Power 10.""",,,,,,,Starter,0B6oyUfwoM3u1T1VTckFtbjdndnM,1Fqj_oo6C-iHQuiXBgWIHpiu7WxB7cFK6,,"Andrew Bradshaw, David Curiel, Edwin Nebres",
Phobia Tabard,MI,Uncommon,145,"Equipped Creature has ""Intimidate: Wisdom 10"" and ""Intimidate: Speed 10.""",,,,,,,,0B6oyUfwoM3u1V3M4X1hrR3hlN1U,1f4xMwvfyaYC8xPGLE5uO75W9Us9fv305,,Imaginary Friends Studios,
Plasma Pounder,MI,Super Rare,147,"When equipped Creature deals Earth damage, you may look at the top two cards of your Location Deck. Put one of them on top and the other on the bottom.",,1,,,,,,0B6oyUfwoM3u1VTlNZ2VZaWpTdmc,1stR7qbqriYwuMKDavyg7eTqBaahOagyj,,HotShotsVFX,
Prism of Fright,MI,Common,148,"Equipped Creature has an additional 5 Energy.
Sacrifice Prism of Fright: Target Creature loses 20 Courage.",,,,,,,,0B6oyUfwoM3u1YW5Hc00zdHBQQm8,1N3cqXu5TQepn0FZ0pIRxjy-Do1LzNftK,,HotShotsVFX,
Prism of Mindlessness,MI,Common,149,"Equipped Creature has an additional 5 Energy.
Sacrifice Prism of Fright: Target Creature loses 20 Wisdom.",,,,,,,,0B6oyUfwoM3u1TFdCODlMYi1Lckk,1hC-8mTU6j5E-uDkdPviRkWwx4HJzxR8N,,HotShotsVFX,
Prism of Sloth,MI,Common,150,"Equipped Creature has an additional 5 Energy.
Sacrifice Prism of Fright: Target Creature loses 20 Speed.",,,,,,,,0B6oyUfwoM3u1SGVFRmxxeGw5cTA,1HtjfK-Yb5WEVvUMAA2Ch17v_L3IxLFaC,,HotShotsVFX,
Prism of Vacuity,MI,Uncommon,151,"Equipped Creature has an additional 5 Energy.
Sacrifice Prism of Fright: Target Creature loses 20 Power.",,,,,,,Starter,0B6oyUfwoM3u1N3luMGRkZ0w4QkU,1oFE4n3dSMp08oUzsX8sJ2ftBffO7dSCD,,"Adrian Barrios, Etienne St.Laurent",
Reefshard,MI,Rare,152,"While any player controls a Chieftain, equipped Creature has an additional 10 to all Disciplines.",,,,,,,,0B6oyUfwoM3u1TVM5QWlyZVd0R28,1_1wLtC3koX7aBXV7EPwlKGBPvlAjXH_n,,HotShotsVFX,
Sinister Statuette,MI,Uncommon,153,"When equipped Creature deals 15 or more attack damage, opposing engaged Creature loses 10 in a Discipline of your choice.",,,,,,,,0B6oyUfwoM3u1akUyWWdFWUxVeWs,1v289J6cOCbIe8Xx1Lt_14PSgJOvwO_1G,,Imaginary Friends Studios,
The Pit Token,MI,Uncommon,146,"Equipped Creature has an additional 10 Power. 
Sacrifice The Pit Token: Deal 10 damage to target engaged Creature. Play this ability only while equipped Creature is engaged.",,,,,,,,0B6oyUfwoM3u1cGNXNnlsejQwMVU,1jD3WXfT0dsYbMhD4CRbqxpE65dPL_6tg,,HotShotsVFX,
Ulmar's Bionic Steam Arms,MI,Rare,154,"Equipped Creature deals an additional 5 damage with attacks. 
If equipped Creature deals more than 20 damage with a single attack, sacrifice Ulmar's Bionic Steam Arms and deal 20 damage to the equipped Creature.",,,,,,,Starter,0B6oyUfwoM3u1S0t1WUxQT09BN00,1bK1lqCIdC5UqCVh7N4736rCuDIH8KODH,,Imaginary Friends Studios,
Ulmar's Projector,MI,Rare,155,"Equipped Creature has 10 less Energy. 
If equipped Creature is destroyed while engaged, return it to play in an open space on your side of the Battleboard with no Mugic counters.",,1,,,,,,0B6oyUfwoM3u1MVNVMlA4N3dOU1U,1LMm9MDj24NlHBciaoeS5j9Y3Bq3ubBWp,,HotShotsVFX,
Baton of Aa'une,ROTO,Uncommon,67,"Equipped Creature has an additional 5 Energy.
Equipped Chieftain has ""Water 5.""",,,,,,,,0B6oyUfwoM3u1aENxeVVHSkFIUEE,1C1FTbvE7_cNN3Bv1KOFO8bbw9rKy-qLz,,HotShotsVFX,Aa une aaune
Dractyl Scales,ROTO,Common,68,"Sacrifice Dractyl Scales: Equipped Creature gains 10 Energy and target Creature loses 10 in all Disciplines. If Dractyl Scales was equipped to H'earring, equipped Creature gains an additional 10 Energy.",,,,,,,,0B6oyUfwoM3u1bERSWGl1UDhtRDA,1298rnAophYicKfup7zzFuCfY-kiWugzO,,HotShotsVFX,
Kha'rall Amber Shard,ROTO,Uncommon,69,"Equipped M'arrillian or Minion has Earth.
Equipped Kha'rall has an additional 25 Energy and ""Defender: Minion.""
This Battlegear begins the game face-up.",,,,,,1,,0B6oyUfwoM3u1VzQyU2pJN1hhSkE,1eETW8OwaJ6mZR6YelFhvXFAo6y73g7VI,,Imaginary Friends Studios,kharall kha rall
Kha'rall Chime Shard,ROTO,Uncommon,70,"Equipped M'arrillian or Minion has Air.
Equipped Kha'rall has an additional 25 Energy and ""Defender: Kha'rall.""
This Battlegear begins the game face-up.",,,,,,1,,0B6oyUfwoM3u1c2RKQjVXLXotclE,1LFJtw4aaF9XeBlAv0wvSZ8QnifCzZKig,,Imaginary Friends Studios,kharall kha rall
Kha'rall Freshwater Shard,ROTO,Rare,71,"Equipped M'arrillian or Minion has Water.
Equipped Kha'rall has an additional 25 Energy and ""Defender: Fluidmorpher.""
This Battlegear begins the game face-up.",,,,,,1,,0B6oyUfwoM3u1ZmlnY1dxUnBKZFk,1ukbr0_i_fBO7UgGvDoz7GehlQONX5l5W,,Imaginary Friends Studios,kharall kha rall
Kha'rall Magma Shard,ROTO,Rare,72,"Equipped M'arrillian or Minion has Fire.
Equipped Kha'rall has an additional 25 Energy and ""Defender: Chieftain."" 
This Battlegear begins the game face-up.",,,,,,1,,0B6oyUfwoM3u1UTRRdjZTUlJINXc,1sCdkT5kwo2I21c2PT_UnjHRiJOlONmS7,,Imaginary Friends Studios,kharall kha rall
Kha'rall Shard of the Tidal Crest,ROTO,Ultra Rare,73,"Equipped M'arrillian or Minion has ""Water 5.""
At the beginning of combat, equipped Kha'rall gains 40 Energy if there are 8 or more Mugic counters among Creatures you control.
This Battlegear begins the game face-up. ",,1,,,,1,,0B6oyUfwoM3u1UFhQaXdGdkEtTkE,1DrYTNYY5UjHHzGdhzYQdr_29vChhJ-aT,,Imaginary Friends Studios,kharall kha rall
Liquid Thought Evaporator,ROTO,Rare,74,"Attacks played by equipped Creature also count as Water attacks.
When Liquid Thought Evaporator is flipped face-down, equipped Fluidmorpher gains a Mugic counter.",,,,,,,,0B6oyUfwoM3u1a3o3bVRvdUdIaFk,1E9gkgMOndaguiVVpzbni0BA9NX7wrxGJ,,HotShotsVFX,
Phobia Plates,ROTO,Super Rare,75,"Creatures engaged with equipped Creature fail all Challenges on attacks they play.
Equipped Creature takes 10 less damage from Mugic.",,,,,,,,0B6oyUfwoM3u1NnN5ZExHMXVjYW8,1CKCmtTebpIPfm_9fK6tESW6Xau19Ycxo,,HotShotsVFX,
Vial of Liquid Thought,ROTO,Common,76,"Sacrifice Vial of Liquid Thought: Return an Attack Card from your Attack Discard pile to your hand. If you do, place one Attack Card from your hand on the bottom of your Attack Deck.",,,,,,,,0B6oyUfwoM3u1aDNlQXF5Wk9QbUk,1s-RekRUi8TLaNtsXqeAayW4NuI2RQq18,,HotShotsVFX,
Blazier's Map Collection,TOTT,Rare,56,"If equipped Creature moved this turn, at the beginning of combat reveal a new active Location.","If Blazier would only stop mapping new lands and look over his collection, he would discover that he has already found what he's been searching for his entire life.",,,,,,,0B6oyUfwoM3u1OE1ib0NOVUdpT00,1ebbwugxwRLJExJUgbEVqGH_amjtzQmaZ,,HotShotsVFX,
Bronzeflight,TOTT,Rare,57,"Equipped Creature has an additional 20 Speed. 
While an opposing Creature has Range, equipped Creature has ""Defender.""
This Battlegear begins the game face-up.","A marvel of engineering, the Bronzeflight can travel from Mipedim Oasis to Mount Pillar on a single charge.",,,,,,,0B6oyUfwoM3u1RzVTWTZ1OExuSm8,1BiSRVNqCA-KsL1PhUY5B1RkAazhSxp75,1fRdRDZdKGkLQawpzee5JYB61DpJ-cikD,"Keron Grant, Etienne St.Laurent",
Burithean Axe,TOTT,Uncommon,58,"Stat Check Power 50: Equipped Creature has an additional 5 Energy.
Stat Check Power 75: Equipped Creature has ""Intimidate: Energy 10.""","What takes 20 to wield, Rothar swings with one arm!",,,,,,,0B6oyUfwoM3u1QUQzTkVEUnk4YmM,1-2wlitLvC_L7U72ltrKlrXqhr5H2klIu,,Imaginary Friends Studios,
Dread Tread,TOTT,Ultra Rare,59,"If equipped Creature moved this turn and won combat, it may move again. This move may begin a second combat.","The Dread Tread can rip through Kiru City's ""impenetrable"" walls as if they were made of paper.",,Underworld,1,,,,0B6oyUfwoM3u1S3dnYm1JbUR1djQ,1bop2pVc0-lY8ugfZkEwfECOoStbX3efj,,HotShotsVFX,
Evergreen Tunic,TOTT,Uncommon,60,"Stat Check Courage 50: Equipped Creature has an additional 5 Energy.
Stat Check Courage 75: Equipped Creature has an additional 15 Energy.","The perfect combination of weight, durability and flexibility.",,,,,,,0B6oyUfwoM3u1NjljTEMtTkg0UWs,1LwBEIFTZDm_hj4338FaiIGPUwBZ7CxhL,1r3DVvAAjIDV6F9upWntJ9tpcyKlln2ZF,"Robert Dizon, Stone Perales",
Flitflut,TOTT,Common,61,"Equipped Creature has an additional 15 Wisdom and 15 Speed. 
Sacrifice Flitflut : Relocate equipped Creature into an unoccupied space. Play this ability only while equipped Creature is unengaged.",,,,,,,,0B6oyUfwoM3u1cEcxM29BYURxNVU,1y8oDe-QwtxduH0XFjqaVbTARzgM2s2MT,,Augusto Barranco,
Girgeth Tar,TOTT,Super Rare,62,"Equipped OverWorld Creature has an additional 5 Energy.
Sacrifice Girgeth Tar: Heal 20 damage to target Creature. If that Creature is a Caretaker, it also gains a Mugic counter.",,,,,,,,0B6oyUfwoM3u1T2xYd25HWlFwQ2c,1_jnMHwcygX1UQOsdZTElQP0OiD44pp5Q,,HotShotsVFX,
Hornsabre,TOTT,Ultra Rare,63,"Opposing Creatures on your side of the Battleboard have ""Recklessness 5.""","Infused with the spirits of warriors past, the luminescent glow intensifies whenever it senses an intruder nearby.",,Overworld,1,,,,0B6oyUfwoM3u1M0F2aFJ5a1B0V1k,1Ha3M4hW6qZjQjFRcwMREkL8RVhrtNTs4,,HotShotsVFX,
Ikkatosh's Aichstick,TOTT,Uncommon,64,"Stat Check Wisdom 50: Equipped Creature has an additional 5 Energy.
Stat Check Wisdom 75: The first attack played by equipped Creature has ""Untargetable.""","To aid in the war, Ikkatosh proved he would give part of himself... literally!",,,,,,,0B6oyUfwoM3u1LW1FUWY2SVFzVEk,1jiv_Js7jlQLV6EMmHA87BRBKSsTjXbRA,,HotShotsVFX,
Levitaar,TOTT,Uncommon,65,"Equipped Creature has an additional 50 Speed.
When equipped Creature is dealt attack damage, deal 5 damage to the opposing engaged Creature.",Raznus's favorite transport before his unfortunate transformation.,,,,,,,0B6oyUfwoM3u1UFJTRjczY3hBaE0,1mkbctFEsR5F0hThhn0-R5bW7a6_sFvkv,,"Andrew Bradshaw, Chris Fisher, HotShotsVFX",
Mipedian Balladeers' Flute,TOTT,Rare,66,"Sacrifice Mipedian Balladeers' Flute: Equipped Creature gains a Mugic counter. Your opponent may put a Mugic counter on a Creature of their choice.
This Battlegear begins the game face-up.","Melodies, harmonies, cacophonies: Mugicians love all music without prejudice.",,,,,,,0B6oyUfwoM3u1bWxrS0ZIaWVRZ00,1SWsxYxnAEEDxmiI61uVqT3jNbNby73ao,,HotShotsVFX,
Obliterators,TOTT,Common,67,"Equipped Creature has Fire. 
Sacrifice Obliterators: Deal 5 damage to target Creature. Play this ability only if you control Dread Tread.",It's the perfect war machine: the Obliterators annihilate anything the Dread Tread fails to steamroll.,,,,,,,0B6oyUfwoM3u1QzdCSUJmZHNGMHc,13x9XUc93wljXmX2SZCuHkzuiuHtey3II,,Imaginary Friends Studios,
Ozlai's Wreck,TOTT,Common,68,Sacrifice Ozlai's Wreck: Destroy target Battlegear equipped to an engaged Creature.,"Though Ozlai named ""The Wreck"" after what it can do to other vehicles, many believe that it's named after his state of mind.",1,,,,,,0B6oyUfwoM3u1OGViSjh3cGpzcXM,1g6NoWqM6FJc3V5h3AlwpxRZdKII4mP2k,,Tom Baxa,
Residual Lightning Dust,TOTT,Uncommon,69,"Stat Check Speed 50: Equipped Creature has an additional 5 Energy.
Stat Check Speed 75: When equipped Creature takes 20 or more damage from a single source, deal 5 damage to the opposing engaged Creature.",,,,,,,,0B6oyUfwoM3u1RzZXVUl3elVobFE,1dCQKreTgZvdQJhsOm84JwDv-uGpA_RgF,,HotShotsVFX,
Sahrnokk,TOTT,Super Rare,70,Sacrifice Sahrnokk: Creatures may not end their move in equipped Creature's space.,"As Ørth whizzed by Gespedan to win the race and their wager, Gespedan regretted agreeing to give Ørth naming rights to his next child.",,,,,,,0B6oyUfwoM3u1YjVKM2NudWhkakE,1pAxlKDFb63MFvXL4_AnMiYOaZK8lSyyd,,Imaginary Friends Studios,
Scepter of the Infernal Parasite ,TOTT,Ultra Rare,71,"While engaged with an Infected Creature, equipped Creature has ""Outperform all Disciplines 5.""",The parasites proved once again that determination trumps size every time.,,Danian,1,,,,0B6oyUfwoM3u1ZnFaSU9nb0UwMms,1dvzKm4b6fwycEOOmuZAKwVFJBJbtFkU_,,"Augusto Barranco, Etienne St.Laurent",
Van Bloot's Sickle,TOTT,Super Rare,72,"Equipped Creature has an additional 15 Courage. 
Attacks played by equipped Creature have ""The opposing engaged Creature loses 10 Courage.""","Seeing its sharpness, even the most courageous lose heart... just before they lose their heads.",,,,,,,0B6oyUfwoM3u1TGJhWVN6bEFiRm8,1q-8cDjKkuYPHRL-3uDLTXTTNic71pAwn,,Imaginary Friends Studios,
Warriors of Owayki ,TOTT,Ultra Rare,73,"Mipedians you control have ""{{MC}}: Deal 10 damage to target engaged Creature."" 
Flip Warriors of Owayki face-down at the end of combat.",,,Mipedian,1,,,,0B6oyUfwoM3u1T3dCZ2JWQ0FhQzA,1RzXV6yP90g7gNRCj6nkxz_66LJlKdiN5,,HotShotsVFX,
Weightless Energy Vessel,TOTT,Rare,74,"Equipped Creature may not be the target of Mugic Cards. 
This Battlegear begins the game face-up.","Even the most unimaginative Mipedians thought the name was too ""on-the-nose.""",,,,,,,0B6oyUfwoM3u1ZXVfcE54QzNfa1E,1bpcfjzU0FQ3-sVqQpWv8OmRktX9UKLUH,,HotShotsVFX,
Wing-Fin,TOTT,Super Rare,75,"Equipped Creature has an additional 15 Courage and 15 Power. 
Sacrifice Wing‐Fin: Relocate equipped Creature into an unoccupied space. Play this ability only while equipped Creature is unengaged.",,,,,,,,0B6oyUfwoM3u1TzJ5NXhRbUJ1NHc,1xW3XLrCc_SGKDaGRVkgYDEb_H1RQi5Kj,,Augusto Barranco,
Aichlyys Wisp,FUN,Common,65,Equipped Creature has an additional 40 Wisdom and 5 Energy.,As ephemeral as dreams and just as cherished.,,,,,,,1qqiBKIG8AOrui8dT791pelrZfCJYr2zG,1O4MVGH9hSscJX7mA6GOOwhMn1-nJswMB,,HotShotsVFX,
Armbands of Lore,FUN,Common,66,Equipped Creature has an additional 40 Courage and 5 Energy.,"""Total control and domination!? You are fools! Control is an illusion... and that is why you will fail."" 
—Lore",,,,,,,1xfFYHR5KxVoD8KGcHeLELeCdkZuk75OS,1koNdS9IsVIpIZcVHHIU5See1PTGVXFQ8,,Robert Dizon,
Bodal's Dagger,FUN,Rare,67,"Equipped Creature deals an additional 10 damage with non-Elemental, non-Discipline Attacks.",,,,,,,,1RpmzWnCVulwcu6U5mxp03k8oSGCwXYJg,1zQ-wud8Ce2-pWJIiOIsv_IjK5DU6hMMr,,Imaginary Friends Studios,
Crown of Aa'une,FUN,Ultra Rare,68,"Equipped Creature has Creature Type ""Chieftain"" in addition to its other types. (Minions use Brainwashed text. Minions may only play Generic Mugic.)","For true leaders, the crown does not define the king. The king defines the crown.",,M'arrillians or Minions,1,,,,1wM50WY-j6RUjiHWYXGtViFAyVtQBAi7t,12cp7QHT0LA_fQVw04nXpIl5suCn_1LWy,,Imaginary Friends Studios,aaune aa une
General's Standard,FUN,Super Rare,69,"When General's Standard is revealed, choose a Tribe. Equipped Creature is considered to belong to that Tribe while General's Standard is face-up. (This effect does not end at the end of the turn.)",,,,,,,,1gd7iP0ZBo5NIitzQxSwMqBI6wnrlwIFL,1mVKSEEnWnIy5xHsiApPnnKaZXQuemWcz,,Dave Droman,
Gigantroper,FUN,Super Rare,70,"At the beginning of combat, equipped Creature loses all abilities and gains or loses Courage, Power, Wisdom, Speed and Energy to make those values 70.",,1,,,,,,1mgP2PgOqftPUH0LD5qvaOUfUNZ3h80H9,1IdinXFXLL7k-06JRn7LRL5k0I9X3S-6i,,Imaginary Friends Studios,
Indigo Sash,FUN,Common,71,Equipped Creature has an additional 40 Speed and 5 Energy.,"""I never expected to see an UnderWorlder wearing the emblem of our noble Mipedian ancestors. And I've never been happier."" 
—Tiaane",,,,,,,17oqhqeQdZLmjGFK4dvqHb1ABzZIvvzf7,1Re7WrmWSRd6Ls8zWJMd0aCNH_4AAOAnL,,Robert Dizon,
Khybon's Mech-blade,FUN,Common,72,Equipped Creature has an additional 40 Power and 5 Energy.,"The handle hides a trigger that instantly doubles the length of the blade. Naturally, Khybon has not told anyone about this feature.",,,,,,,1naQz5BjVlq4ZG5UC5wcStEC6QhnMKXfA,16GXyDViyj6GjOasrbH9y8qx4aeOTIcxZ,,Dave Droman,
Mipedian Fulgurite,FUN,Super Rare,73,"Equipped Creature has ""Air 10."" At the end of any combat, destroy Mipedian Fulgurite.","The air crackled and sizzled, as did the enemy.",,,,,,,1vMr86A1QvRzQC7MsCs6gSeJ_XFPB59Af,1EH0pqmXRiDW1yacfAQVIY6gSzEpyt-gt,,Dave Droman,
Muge's Tuningfork,FUN,Rare,74,"Equipped Creature may play Mugic from any Tribe you control.
This Battlegear begins the game face-up. ","Though Mugicians may appear to love one tribe's music over another, the fact remains they they love all music equally.",1,,,,,,1r1Nex0rGNohEEoqxjEgkFuTLW2ydqQJ_,1XqoQmRR1IWz_hwDZMaw8mnelkQtY2FSG,,Imaginary Friends Studios,
Riverland Moon,FUN,Common,75,"When equipped Creature deals Water damage, it gains 10 to all Disciplines.",,,,,,,,1sCm-J6wazRW_UKfcVm84kZe0o8Hsbr0G,1UzWshH1Av63XAdRe9u-8XIBjPDZsEvbb,,Chris Fisher,
Shard of Solitude,FUN,Super Rare,76,"Equipped Creature has an additional 5 Energy.
While equipped Kha'rall is engaged, unengaged Creatures cannot play Mugic or activated abilities.","""Another one? The M'arrillians have more shards than Van Bloot has feathers!"" 
—Takinom",,,,,1,,1rnm2b6tB3L8X7E1m9vPQhcVgc2n_RxHI,1I9EVz_8eJLSCmZCgIDhGR9zLUl-L9SVC,,Imaginary Friends Studios,
Ankh of Kehn-Sep,AU,Rare,135,Equipped Creature deals an additional 5 attack damage to Creatures with no Elemental Types.,,,,,,,,1XrDc4MFjRIEPMuFx8dwSsQg4RPgwJBzD,1QOnrjQVDEFLz4quqByCe_ClEceXeAsbK,1zM2YHh1MiDJAgjqIHkn38U1W0i-zFSMH,Stone Perales,Kehn sepp kehnsepp
Aquatic Familiar,AU,Common,136,"Equipped Creature has ""Expend Water: Gain 50 Wisdom.""",,,,,,,,1217HPkqMYud_ahwue5HKvprva9Db8Ol5,1XVKvvrVfypKifjpZwB8SJJMc0FcC8yC8,,Peter Bergting,
AZAIA Mindprobe,AU,Rare,134,"Equipped Creature cannot be targeted by Mugic or abilities played by Creatures with lower Wisdom than it.
This Battlegear begins the game face-up.",,,,,,,,12sd3jnyVdJSnnjTF6Dfn1c-BHRlePBm3,17_XWmZaokYycfiUmtDfOK9bn2iOowZqi,,Imaginary Friends Studios,
Bi-Mowercycle,AU,Rare,137,"Equipped Creature has ""Range"" and ""Swift 1.""
Sacrifice Bi-Mowercycle: Target Creature gains ""Range"" and ""Swift 1.""
This Battlegear begins the game face-up.",,,,,,,,1BHjRVgepyXURlX7N5AshVo5woKV8HRtR,1eMJAZvkZFzSuhGPA5PoJ9BkdZ9aAT2_N,,HotShotsVFX,Bi mowercycle Bimowercycle
Citadel Fragments,AU,Common,138,Equipped Creature has an additional 5 Energy and 5 in each Discipline for each Elemental Type it has.,,,,,,,,1ZiVPPIDreNoQM5AOeSv1_6sp3KOsSUFd,1tqZ42FZmbv_bzPnt5L6CwR7Rxl0Rzdzb,,Stone Perales,
Citadel Lodestone,AU,Common,139,"When equipped Creature becomes engaged, it gains Earth.",,,,,,,,1PLnY7TfGqq8tb9YUNMFI5zOd_er8SEkU,1MmFv69Ddr-xJ2iPaK4h2mQ1x6ge6B98Q,,Stone Perales,
Colstone,AU,Super Rare,140,"When a Creature engaged with the equipped Creature fails a Discipline check on an attack it played, the equipped Creature gains 10 Energy.",,,,,,,,1O_vY0vgIL90mPpQ2SArAKeo5ia8nlSbl,1bEvMijXm7_FMbEdbymKw-7i277vgAQVs,,Stone Perales,
Double Edge,AU,Common,141,"At the beginning of combat, choose ""Fire 5,"" ""Air 5,"" ""Earth 5"" or ""Water 5."" Equipped Creature gains the chosen ability and ""Recklessness 5.""",,,,,,,,1fhQsczcv7IVme-XfqJeeo3b5Vz9znUj2,1M1ffKZk4BtOq4q3UXhNLTOijnAYnZm2e,,"Edwin Nebres, Anthony Washington, Emilio Lopez",
"Drilldozer, Customized Rig",AU,Rare,142,"Equipped Creature has an additional 10 Energy. If equipped Creature has Earth, it has an additional 10 Energy.",,,,,,,,1UioXjkzQg1vUtMxNyKW7UylFiI3EHXRS,1Qkm7TBDYR_tJhgSCo8HBQLxowfBHDUVP,,HotShotsVFX,
Flameblade of Seeryn,AU,Super Rare,143,"Whenever equipped Creature deals 30 or more Fire damage with a single attack, destroy target Battlegear.",,,,,,,,1x3543hWgwv8PwwtjVAURR_m0HucSlnfL,1NLXc0e-NTwS1RcdmozC7s6tZ5cN8tJB-,1Y8kctEX4RVpEq4vvJsrH7WMfHBr2SKpT,Stone Perales,
Hyperhover,AU,Rare,144,"Equipped Creature has ""Untargetable"" if it has moved this turn.",,,,,,,,19pP0DqTBsZjaI1irCy0zFf-_yEqMFZci,1EsKkeMVh8PFDHeKU4igyF4y6XVIU3uTi,,HotShotsVFX,
Kha'rall Shard of the Staunch,AU,Rare,145,"Equipped Creature has Water.
Equipped Kha'rall has an additional 15 Energy and ""Defender: Water.""
This Battlegear begins the game face-up.",,,,,,1,,1zhvr_iV2bJ-1ewJjXPtdgt2mYYolPbJ7,1tmC1clnK7rOBwd8SB5qQVr3paIcUAhv7,1tFmfjQpk-tolEHpS43owrsXHP1O4cb7D,Stone Perales,kharall kha rall
Metabolic Overloader,AU,Common,146,"Equipped Creature has ""Expend Fire: Gain 50 Power.""",,,,,,,,1CYeEQebw5lv9bCpEQ_FWjV1s-h403RHC,184JtBSM6jpWNn6SPDp0NkcqRhR4oy20h,,Peter Bergting,
Mysterious Clawblade,AU,Common,147,"Equipped Creature has ""Expend Air: Gain 50 Speed.""",,,,,,,,1mg5-QaNwr8_iOP7XE5-ZdvOlybdBmqxP,1s2zNjsiokQqW-zqfWmMRkvohUvPhuz40,,Stone Perales,
Orb of Unda,AU,Rare,148,"Sacrifice Orb of Unda: Put a Mugic counter on equipped Creature. If equipped Creature has Water, heal 10 damage from it.",,,,,,,,1UHjjVYze8S_i2_8FpuVXg8hVAKEWuyAX,1Wrgs5ed7JtgTkLI-_Qc7e2aOdiNjpQK1,1oP0neV4fjlHh9M4WSmzrl3H367UFbdgQ,Stone Perales,
Orchis Undin,AU,Common,149,"When equipped Creature becomes engaged, it gains Water.",,,,,,,,1sUPTiL9Xq9XxSFKVJM6wP-jbWFfbSoKm,1HIl6Cz1cJ_P4M6vnzfJ-oQyg0HkhwLbs,1f4-63AFhJYN9hkdgG4wOw1WCCFCaQRlm,Stone Perales,
Phoenix Belt,AU,Rare,150,"Sacrifice Phoenix Belt: Deal 10 damage to target Creature. If equipped Creature has Fire, deal an additional 10 damage.",,,,,,,,1sB0phPqWlNZvbwFAvxn_OLfR2LiE2_50,17sGaM4-RPJbFhVRZq_lsO3S03v42IACd,1f4-63AFhJYN9hkdgG4wOw1WCCFCaQRlm,Stone Perales,
Pranker Tanker,AU,Super Rare,151,"At the beginning of each turn, equipped Creature must swap places with another Creature you control.
This Battlegear begins the game face-up.",,,,,,,,1Gk_Q1FoA43FABolm4WGdD3ysfJVb1CYT,1BP0TGdUrOkjJlCYYLx56lxhProVDs-RR,,"Andrew Bradshaw, Anthony Washington, David Rodriguez",
Quranium Pendant,AU,Common,152,"Equipped Creature has ""Expend Earth: Gain 50 Courage.""",,,,,,,,1rkOxFfWwMXsLOfaz498QZnRCoYCWbZPB,1WUCr5HA_4Q2A6K3qJHxLrBUGLr0zzOOy,,Stone Perales,
Sandstorm Shroud,AU,Common,153,"When equipped Creature becomes engaged, it gains Air.",,,,,,,,1gq2WfCkE-lTxrblNn6CpaYxfROycDpnd,1YM4QthM0ozM2z8tEJLJ4MtsmHB5ZNJSs,,Stone Perales,
Scarab of Khilai,AU,Super Rare,154,Equipped Creature and Creatures engaged with it cannot lose Elemental Types.,,,,,,,,1Z-MflfT6tt-_uSY7wzuxzAtsyEzBN_rl,1deHh7DQdSw8DwHsypBNY4s0kWY5XwQ94,,Stone Perales,
Skopolon,AU,Super Rare,155,"At the beginning of each turn, you may look at target face-down Battlegear you do not control.
This Battlegear begins the game face-up.",,,,,1,,Starter,1SWwgzso-79MDwmtjtnAIM7dzkjzlhwQO,1Rb9LijTeI5xlY9AzpVDdWC3Pfuzkhf0g,1Hf7wFquJLFArIeu-tXBaZWyem6vQV7J0,Stone Perales,
Stormbird Statues,AU,Rare,156,"Equipped Creature has ""Swift 1."" If equipped Creature has Air, it has ""Surprise.""
This Battlegear begins the game face-up.",,,,,,,,1m0rb8Z1zL7JLYvpVv-XFPDQ2gmuU_8Zx,1o7NGF_EC1cTlxOtm1m5JcDpPYiEfNvvt,1zZXm5X7JGFHUkhE96KUzFTP_SBBddQ-S,Stone Perales,
Sun Chariot of Kehn-Sep,AU,Common,157,"When equipped Creature becomes engaged, it gains Fire.",,,,,,,,15u8od6Lq-jeHNpTluvAQZXjChR2Ntqli,19kDlyLT9twwshGZuYqrILGm_JjL5-1T1,,Stone Perales,
Trident of Treachery,AU,Rare,158,"If equipped Creature would deal 20 or more Fire attack damage, it may deal 10 damage to target Creature instead.",,,,,1,,Starter,1h5mqHhntIwioJh95w5Towu3TW7SQ_XpH,1oth_l5UwigjPlER7YzHk9A_BElTCMWwJ,,Stone Perales,
Ulmanator,AU,Rare,159,Creatures engaged with equipped Creature have 10 less to all Disciplines for each Elemental Type they have.,,,,,,,,1bDnW4WMgyGga3LJ0XdCrdekJpo4eKiTv,11FnowH1NfX_9WKOvNZsl6eiWh5dXBiS0,,HotShotsVFX,
Varanohs,AU,Rare,160,"Equipped Creature has ""Range"" and ""Swift 1"" for each Creature in your discard pile.
This Battlegear begins the game face-up.",,,,,1,,Starter,1rebtCUN6mS6N6RL-knNsILIztV7xmxoa,1nIAza2wCMk86tw6A3V3gEb4TFqcRJHA_,1KzPUqcl6nOwp2EEyx7ia7C_c4DwOxtqx,Stone Perales,
"Vlaric Shard, Relic of the Past",AU,Rare,161,"Equipped Creature with Earth deals an additional 5 attack damage.
When you shuffle your Attack Deck, destroy Vlaric Shard.",,,,,1,,Starter,1yPIzMOaJknoAQLHbfSs03viWB_bhgUmP,1I3vpbyYPlEFBrUbabFxPp1FUHfKPvELD,11A_caJ97U4TscpsDYByVeJKgbNF48cUv,Stone Perales,
Xerium Armor,AU,Ultra Rare,162,"If equipped Creature would take more than 20 damage from an attack, it takes 20 damage instead.",,1,,,,,,1oS23CzU4jDd4g7Dg1UAspgR8D9cYXwhZ,1vqxsJoCyrLiYQV5hJH1MNbRysRBdo7rv,,"Khary Randolph, Etienne St.Laurent",
Armor of Earthen Might,FAS,Rare,23,"Equipped Creature with Earth takes 10 less damage from Mugic and activated abilities.
This Battlegear begins the game face-up.",,,,,,,,1kY8CyQ5SK3zji8bcFNcy-IaCDvIvC1PC,1sgHZW-QA9ugssK9njwuwaZJ62icGW8e7,,Stone Perales,
Droskin,OP1,Promo,81,Sacrifice Droskin: Negate target attack. Play this ability only if the equipped Creature is engaged.,The Droskin is rumored to be able to absorb even the most devastating attacks.,1,,,,,,0B6oyUfwoM3u1eVloNmRnVmIxbFU,1abV4vbNHLdx9sY6E8b_hfI-La_DnKD0C,,"Jimmy Tran, Imaginary Friends Studios",
The Indigo Arc,OP1,Promo,65,"Equipped Creature's first attack each combat has ""Untargetable.""",The blade cuts with such force that neither armor nor Mugic can slow its strikes.,1,,,,,,0B6oyUfwoM3u1UE1EYUlaVWJQVDg,1zxuW_N-6Y4tqBC_trRj974QOIrq5HUI9,,HotShotsVFX,
Flux Bauble,OP1,Rare,14,"At the beginning of combat, look at the top two cards of your Location Deck. Put one of them on top of that deck and the other on the bottom.",,,,,,,,0B6oyUfwoM3u1RGxjVnV3R0pXaUE,1ScV68GPJcnE5Q8nrNg_aoag4ViNqfnhv,,Imaginary Friends Studios,
Orb of Foresight,OP1,Rare,15,"At the beginning of combat, look at the top three cards of your Attack Deck. Put one of them on top of that deck and the other two on the bottom in any order.",,,,,,,,0B6oyUfwoM3u1MmFTUU1aTS02Yk0,1Pm2AqzrQl-o2TOMWpYqnijb6qjfwcKyD,,Imaginary Friends Studios,
Talisman of the Mandiblor,OP1,Super Rare,16,"Equipped Creature has an additional 15 Speed.
If equipped Creature is Danian, it has ""Sacrifice this Creature: Return a Mandiblor from your general discard pile to play in any open space.""",,,,,,,,0B6oyUfwoM3u1UG5FQmR0UEUweTQ,1pgcQyZinPN501_8GLrwxXER8tcrnyK95,,Imaginary Friends Studios,
Bodal's Element Converter,LR,Rare,13,"Equipped Creature has ""Fire 5"" and ""Water 5.""
When equipped Creature deals 25 or more damage with a single attack, flip Bodal's Element Converter face-down.",,,,,,,Online,1yGZJ4COygPclGougcUNj8bCJwqQv5uiv,1n9QU1ulAjv7xRVwaj7IDO_Y09kqF0v9a,,Imaginary Friends Studios,
Kha'rall Shard of Chance,LR,Super Rare,14,"Equipped Creature has an additional 5 Energy and Air.
While equipped Kha'rall is engaged, Creatures play attacks at random.",,,,,,1,Online,1C75ogu0pypszSjVRD1wM6_6YrBMfnN6_,19GYcwl6rSC3xVLRspMDFvEN-0SE_0-lF,,Imaginary Friends Studios,kharall kha rall
Mommark's Energy Infuser,LR,Ultra Rare,15,"At the beginning of combat, equipped Creature gains 5 Energy for each Mugic counter on it. The equipped Creature may gain no more than 40 Energy this way.
If equipped Creature has no Mugic counters, destroy it.",,1,,,,,Online,1Hifi5Eixd96JHlrl0tA0cEcjD_cmk0Kv,14pc87l9l-IwiawMCXRJ95FVwRGAKdzbD,,Imaginary Friends Studios,
Olkiex' Apron,LR,Uncommon,16,"Equipped Creature has ""When this Creature becomes engaged, flip the opposing engaged Creature's Battlegear face‐down.""",,,,,,,Online,1wqdPuoJ0W5whDMf5ExmVd8z4jiOX8RPC,1s55UZ54sQD20dBdVYbVGXHKM_UQQjVRz,,Imaginary Friends Studios,